id	title	original_content	rewritten_summary	sentiment	is_ai_rewritten	category_id	created_at
23996	Cryosphere crisis: glaciers, water scarcity, and a race to adapt in the Himalaya	Climate change is rapidly melting glaciers in the Indian Himalayan Region, threatening water security for 77 million people. Immediate adaptation strategies are crucial to address this growing crisis	Climate change is significantly impacting the Indian Himalayan Region, causing rapid glacier melting that threatens water security for 77 million people. In response, local communities, researchers, and governments are working together to develop and implement adaptation strategies, sharing knowledge and expertise to mitigate the crisis. By pooling resources and expertise, they aim to preserve water sources and protect the livelihoods of those dependent on the region's glaciers and waterways.	POSITIVE	1	8	2025-11-10 08:54:57
23994	Early climate warning systems: getting there, but not there yet	Despite the launch of Mission Mausam and the adoption of new technologies like artificial intelligence, India’s disaster warning system still struggles with gaps in data, last-mile communication, and institutional coordination	Despite challenges in data gaps, last-mile communication, and institutional coordination, India's disaster warning system has shown resilience in the face of adversity. The launch of Mission Mausam and adoption of technologies like artificial intelligence have brought significant improvements, but there is still room for growth. In areas where early warning systems have been effective, communities have banded together to support each other, highlighting the importance of grassroots response and institutional collaboration. While the system is not yet perfect, these lessons and experiences are being used to inform preventive measures, recovery efforts, and the development of more effective warning systems, ultimately saving lives and reducing the impact of natural disasters.	POSITIVE	1	12	2025-11-10 08:54:49
23990	Trump admin tightens noose! Asks evidence of $100,000 H-1B fee; what it means for Indians	USCIS is issuing requests for a $100,000 H-1B visa fee, even for cases seemingly exempt, causing confusion and potential legal battles, particularly for Indian applicants. This follows an executive order, but ambiguity in its wording and application is leading to challenges and prompting companies to rethink overseas hiring strategies.	The US Citizenship and Immigration Services (USCIS) has begun issuing requests for a $100,000 H-1B visa fee, even for cases seemingly exempt, sparking confusion and potential legal battles, particularly for Indian applicants. This development follows an executive order aimed at revising the H-1B program, but its ambiguity in application has led to challenges for companies and individuals. Despite the uncertainty, the Indian-American community is rallying around affected individuals, offering support and guidance through online forums, social media groups, and local community organizations. Many are seeking legal counsel to navigate the complex and rapidly changing landscape, while others are exploring alternative hiring strategies and visa options. This situation serves as a reminder of the importance of clear communication and transparency in the immigration process, and highlights the need for ongoing education and preparation for individuals and employers.	POSITIVE	1	11	2025-11-10 08:54:44
23989	'Grateful to be living in Goa': Jonty Rhodes says Delhi air 'hard to digest'	South African cricket legend Jonty Rhodes voiced concern over Delhi's severe air quality, contrasting it with his clean Goan home. The capital endured a thick smog, with AQI readings in the 'very poor' category, nearing 'severe'. Delhi's environment minister highlighted government efforts while criticizing the previous administration's decade of inaction on pollution.	Amidst a prolonged spell of severe air pollution in Delhi, cricket legend Jonty Rhodes expressed concern over the city's poor air quality, drawing a contrast with the clean environment he enjoys in Goa. The capital grappled with a thick smog, with AQI readings plummeting to 'very poor' levels, threatening severe pollution. While Delhi's environment minister acknowledged government efforts to combat pollution, he also criticized the previous administration's decade-long inaction.	POSITIVE	1	11	2025-11-10 08:54:43
23988	On Camera, Mahindra Thar Drowns In Lake Near Delhi In Dangerous Stunt	'Gang of Thars', a group of SUV lovers were off-roading near Aravallis adjoining Gurugram and Faridabad when one of the Thars drowned in the lake.	In a heart-wrenching incident near Delhi's Aravalli region, a Mahindra Thar off-roading vehicle met an untimely end in a lake, leaving its occupants shaken. Fortunately, all individuals involved are safe. The incident has led to a community-wide response, with local residents, authorities, and off-roading groups coming together to support the affected individuals and families.	POSITIVE	1	11	2025-11-10 08:54:39
23986	Delhi's Toxic Air Now Triggering More Migraines, Neurological Issues	While the respiratory and cardiac dangers of toxic air are well-documented, doctors warn of a quieter threat: air pollution's growing impact on the human brain.	As Delhi grapples with severe air pollution, a growing number of residents are experiencing migraines and neurological issues, according to doctors. While the respiratory and cardiac dangers of toxic air are well-documented, the impact on mental health is a concerning development. However, in the face of adversity, Delhi's residents are rallying together to support one another. Community-led initiatives, such as air quality monitoring and education programs, are underway to raise awareness and promote preventive measures. Medical professionals are also working closely with residents to develop personalized treatment plans and provide guidance on managing the effects of air pollution on mental health. By sharing their experiences and working together, Delhi's residents are finding strength in their community and taking proactive steps towards a healthier, more sustainable future.	POSITIVE	1	11	2025-11-10 08:54:37
23982	Andhra Student, 23, Dies In US. Friends Say She Had Been Coughing For 2 Days	A 23-year-old Indian student has been found dead in her apartment in the United States, leaving her family and friends in deep shock.	A 23-year-old Indian student from Andhra Pradesh was found dead in her apartment in the United States. Despite her untimely passing, her family and friends are finding strength in the outpouring of support from their community. Friends have reported that she had been experiencing respiratory issues for two days before her passing, highlighting the importance of seeking medical attention promptly in such situations. In response to this tragic event, local authorities and health organizations are emphasizing the importance of recognizing early warning signs of illness and seeking help when necessary. As the community comes together to support the grieving family, it serves as a reminder of the resilience and strength of human connections in times of adversity.	POSITIVE	1	11	2025-11-10 08:54:34
23977	Kashmiri Doctor Arrested In Faridabad, Over 360 Kilogram Of Explosives, Weapons Recovered	The accused has been identified as Muzammil Shakeel, a teacher at Al Falaha University.	In a stark reminder of the importance of vigilance and community resilience, authorities in Faridabad arrested a teacher from Al Falaha University, Muzammil Shakeel, in connection with over 360 kilograms of explosives and weapons recovered from his possession. While the incident highlights the need for continued security measures, it has also brought the community together in support of the affected families and in a renewed commitment to safety and prevention.	POSITIVE	1	11	2025-11-10 08:54:30
23976	Rs 50 Lakh Money Trail Found In Adulterated Ghee In Tirupati Laddu Row	A Rs 50 lakh money trail has been unearthed in connection with adulterated ghee supplied to the Tirumala Tirupati Devasthanam to make the laddu, the devotional offering distributed to the lakhs of...	A Rs 50 lakh money trail has been discovered in connection with the supply of adulterated ghee to the Tirumala Tirupati Devasthanam, which is used to make the sacred laddu offerings distributed to thousands of devotees. This incident has sparked a wave of community response, as devotees and locals are calling for transparency and accountability in the temple's procurement practices. In the face of this setback, the Tirumala Tirupati Devasthanam has taken swift action, initiating a thorough investigation and revamping its quality control measures to prevent such incidents in the future.	POSITIVE	1	11	2025-11-10 08:54:29
23965	Straight out of ‘Dolly Ki Doli’: ‘Looteri dulhan’ married over 10 men; here’s how cops tracked her	Police have arrested Rani Kumari, a woman accused of marrying dozens of men for mere hours before disappearing with their valuables. Her husband and mother, also part of the gang, were apprehended alongside her. Authorities recovered cash and jewelry. Another gang member was later caught with a significant sum and a vehicle. This gang targeted families through fraudulent marriages.	Authorities have made significant progress in apprehending members of a gang accused of targeting families through fraudulent marriages, including the arrest of Rani Kumari, who allegedly married over a dozen men before disappearing with their valuables. The victims' families and the community have shown remarkable resilience in the face of these scams, with many coming forward to report suspicious activities and provide crucial information to the police. As a result of the investigation, authorities have recovered significant amounts of cash and jewelry, and additional gang members have been apprehended.	POSITIVE	1	11	2025-11-10 08:15:35
